date,kpi_name,dimension,value,unit
2022-01-09,Monthly Revenue,EMEA,503047.17,USD
2022-01-16,Monthly Revenue,EMEA,493370.84,USD
2022-01-23,Monthly Revenue,EMEA,515000.65,USD
2022-01-30,Monthly Revenue,EMEA,520537.45,USD
2022-02-06,Monthly Revenue,EMEA,495124.09,USD
2022-02-13,Monthly Revenue,EMEA,504941.04,USD
2022-02-20,Monthly Revenue,EMEA,522356.7,USD
2022-02-27,Monthly Revenue,EMEA,520782.93,USD
2022-03-06,Monthly Revenue,EMEA,526364.2,USD
2022-03-13,Monthly Revenue,EMEA,520280.79,USD
2022-03-20,Monthly Revenue,EMEA,539553.33,USD
2022-03-27,Monthly Revenue,EMEA,540136.35,USD
2022-04-03,Monthly Revenue,EMEA,534255.85,USD
2022-04-10,Monthly Revenue,EMEA,545735.52,USD
2022-04-17,Monthly Revenue,EMEA,539634.15,USD
2022-04-24,Monthly Revenue,EMEA,526493.92,USD
2022-05-01,Monthly Revenue,EMEA,538542.9,USD
2022-05-08,Monthly Revenue,EMEA,524690.13,USD
2022-05-15,Monthly Revenue,EMEA,542161.45,USD
2022-05-22,Monthly Revenue,EMEA,531674.33,USD
2022-05-29,Monthly Revenue,EMEA,528848.98,USD
2022-06-05,Monthly Revenue,EMEA,522172.47,USD
2022-06-12,Monthly Revenue,EMEA,539287.8,USD
2022-06-19,Monthly Revenue,EMEA,523433.54,USD
2022-06-26,Monthly Revenue,EMEA,518489.65,USD
2022-07-03,Monthly Revenue,EMEA,516966.92,USD
2022-07-10,Monthly Revenue,EMEA,523492.73,USD
2022-07-17,Monthly Revenue,EMEA,519516.78,USD
2022-07-24,Monthly Revenue,EMEA,517738.84,USD
2022-07-31,Monthly Revenue,EMEA,515769.64,USD
2022-08-07,Monthly Revenue,EMEA,530871.36,USD
2022-08-14,Monthly Revenue,EMEA,503568.38,USD
2022-08-21,Monthly Revenue,EMEA,500909.85,USD
2022-08-28,Monthly Revenue,EMEA,496551.03,USD
2022-09-04,Monthly Revenue,EMEA,509792.55,USD
2022-09-11,Monthly Revenue,EMEA,514180.52,USD
2022-09-18,Monthly Revenue,EMEA,501345.27,USD
2022-09-25,Monthly Revenue,EMEA,494029.89,USD
2022-10-02,Monthly Revenue,EMEA,494497.74,USD
2022-10-09,Monthly Revenue,EMEA,509930.15,USD
2022-10-16,Monthly Revenue,EMEA,511909.7,USD
2022-10-23,Monthly Revenue,EMEA,511328.09,USD
2022-10-30,Monthly Revenue,EMEA,501017.0,USD
2022-11-06,Monthly Revenue,EMEA,512109.86,USD
2022-11-13,Monthly Revenue,EMEA,513391.22,USD
2022-11-20,Monthly Revenue,EMEA,517141.93,USD
2022-11-27,Monthly Revenue,EMEA,526664.81,USD
2022-12-04,Monthly Revenue,EMEA,523413.05,USD
2022-12-11,Monthly Revenue,EMEA,531386.75,USD
2022-12-18,Monthly Revenue,EMEA,528847.86,USD
2022-12-25,Monthly Revenue,EMEA,534749.32,USD
2023-01-01,Monthly Revenue,EMEA,541924.71,USD
2023-01-08,Monthly Revenue,EMEA,524816.62,USD
2023-01-15,Monthly Revenue,EMEA,539945.16,USD
2023-01-22,Monthly Revenue,EMEA,542124.21,USD
2023-01-29,Monthly Revenue,EMEA,544013.6,USD
2023-02-05,Monthly Revenue,EMEA,551071.48,USD
2023-02-12,Monthly Revenue,EMEA,571998.89,USD
2023-02-19,Monthly Revenue,EMEA,551386.65,USD
2023-02-26,Monthly Revenue,EMEA,572458.42,USD
2023-03-05,Monthly Revenue,EMEA,548383.05,USD
2023-03-12,Monthly Revenue,EMEA,563979.05,USD
2023-03-19,Monthly Revenue,EMEA,570730.98,USD
2023-03-26,Monthly Revenue,EMEA,576385.06,USD
2023-04-02,Monthly Revenue,EMEA,578688.05,USD
2023-04-09,Monthly Revenue,EMEA,580190.92,USD
2023-04-16,Monthly Revenue,EMEA,569081.29,USD
2023-04-23,Monthly Revenue,EMEA,567891.73,USD
2023-04-30,Monthly Revenue,EMEA,580688.96,USD
2023-05-07,Monthly Revenue,EMEA,569454.2,USD
2023-05-14,Monthly Revenue,EMEA,557554.38,USD
2023-05-21,Monthly Revenue,EMEA,557634.85,USD
2023-05-28,Monthly Revenue,EMEA,558172.95,USD
2023-06-04,Monthly Revenue,EMEA,570516.73,USD
2023-06-11,Monthly Revenue,EMEA,564962.83,USD
2023-06-18,Monthly Revenue,EMEA,568293.34,USD
2023-06-25,Monthly Revenue,EMEA,554865.13,USD
2023-07-02,Monthly Revenue,EMEA,558415.76,USD
2023-07-09,Monthly Revenue,EMEA,560767.64,USD
2023-07-16,Monthly Revenue,EMEA,549133.61,USD
2023-07-23,Monthly Revenue,EMEA,554588.91,USD
2023-07-30,Monthly Revenue,EMEA,541318.36,USD
2023-08-06,Monthly Revenue,EMEA,542387.7,USD
2023-08-13,Monthly Revenue,EMEA,540485.01,USD
2023-08-20,Monthly Revenue,EMEA,530868.01,USD
2023-08-27,Monthly Revenue,EMEA,546492.78,USD
2023-09-03,Monthly Revenue,EMEA,536027.02,USD
2023-09-10,Monthly Revenue,EMEA,540269.55,USD
2023-09-17,Monthly Revenue,EMEA,544720.62,USD
2023-09-24,Monthly Revenue,EMEA,544506.25,USD
2023-10-01,Monthly Revenue,EMEA,547190.74,USD
2023-10-08,Monthly Revenue,EMEA,540419.6,USD
2023-10-15,Monthly Revenue,EMEA,538408.58,USD
2023-10-22,Monthly Revenue,EMEA,543443.47,USD
2023-10-29,Monthly Revenue,EMEA,529315.43,USD
2023-11-05,Monthly Revenue,EMEA,533996.66,USD
2023-11-12,Monthly Revenue,EMEA,537827.64,USD
2023-11-19,Monthly Revenue,EMEA,543949.23,USD
2023-11-26,Monthly Revenue,EMEA,561034.91,USD
2023-12-03,Monthly Revenue,EMEA,551310.76,USD
2023-12-10,Monthly Revenue,EMEA,560086.58,USD
2023-12-17,Monthly Revenue,EMEA,580496.15,USD
2023-12-24,Monthly Revenue,EMEA,567666.68,USD
2023-12-31,Monthly Revenue,EMEA,582375.16,USD
2022-01-09,Monthly Revenue,APAC,490663.82,USD
2022-01-16,Monthly Revenue,APAC,501716.31,USD
2022-01-23,Monthly Revenue,APAC,497995.92,USD
2022-01-30,Monthly Revenue,APAC,507741.47,USD
2022-02-06,Monthly Revenue,APAC,523037.53,USD
2022-02-13,Monthly Revenue,APAC,500689.63,USD
2022-02-20,Monthly Revenue,APAC,525422.54,USD
2022-02-27,Monthly Revenue,APAC,526322.72,USD
2022-03-06,Monthly Revenue,APAC,520590.71,USD
2022-03-13,Monthly Revenue,APAC,514350.65,USD
2022-03-20,Monthly Revenue,APAC,531480.64,USD
2022-03-27,Monthly Revenue,APAC,527063.51,USD
2022-04-03,Monthly Revenue,APAC,535922.31,USD
2022-04-10,Monthly Revenue,APAC,534681.63,USD
2022-04-17,Monthly Revenue,APAC,550976.85,USD
2022-04-24,Monthly Revenue,APAC,532693.29,USD
2022-05-01,Monthly Revenue,APAC,524620.41,USD
2022-05-08,Monthly Revenue,APAC,536071.71,USD
2022-05-15,Monthly Revenue,APAC,535576.91,USD
2022-05-22,Monthly Revenue,APAC,545765.47,USD
2022-05-29,Monthly Revenue,APAC,539048.72,USD
2022-06-05,Monthly Revenue,APAC,532550.47,USD
2022-06-12,Monthly Revenue,APAC,541695.41,USD
2022-06-19,Monthly Revenue,APAC,513091.21,USD
2022-06-26,Monthly Revenue,APAC,516375.41,USD
2022-07-03,Monthly Revenue,APAC,511222.5,USD
2022-07-10,Monthly Revenue,APAC,514271.54,USD
2022-07-17,Monthly Revenue,APAC,502095.48,USD
2022-07-24,Monthly Revenue,APAC,519963.02,USD
2022-07-31,Monthly Revenue,APAC,509239.2,USD
2022-08-07,Monthly Revenue,APAC,494746.82,USD
2022-08-14,Monthly Revenue,APAC,497476.74,USD
2022-08-21,Monthly Revenue,APAC,509167.42,USD
2022-08-28,Monthly Revenue,APAC,513070.02,USD
2022-09-04,Monthly Revenue,APAC,523600.06,USD
2022-09-11,Monthly Revenue,APAC,532029.43,USD
2022-09-18,Monthly Revenue,APAC,506628.84,USD
2022-09-25,Monthly Revenue,APAC,492536.08,USD
2022-10-02,Monthly Revenue,APAC,481422.08,USD
2022-10-09,Monthly Revenue,APAC,506101.33,USD
2022-10-16,Monthly Revenue,APAC,496347.75,USD
2022-10-23,Monthly Revenue,APAC,501742.97,USD
2022-10-30,Monthly Revenue,APAC,501551.13,USD
2022-11-06,Monthly Revenue,APAC,508380.34,USD
2022-11-13,Monthly Revenue,APAC,522884.16,USD
2022-11-20,Monthly Revenue,APAC,516525.53,USD
2022-11-27,Monthly Revenue,APAC,516364.17,USD
2022-12-04,Monthly Revenue,APAC,510820.56,USD
2022-12-11,Monthly Revenue,APAC,507850.79,USD
2022-12-18,Monthly Revenue,APAC,523308.99,USD
2022-12-25,Monthly Revenue,APAC,531320.3,USD
2023-01-01,Monthly Revenue,APAC,553291.12,USD
2023-01-08,Monthly Revenue,APAC,540690.92,USD
2023-01-15,Monthly Revenue,APAC,552969.27,USD
2023-01-22,Monthly Revenue,APAC,541834.98,USD
2023-01-29,Monthly Revenue,APAC,538552.94,USD
2023-02-05,Monthly Revenue,APAC,544171.74,USD
2023-02-12,Monthly Revenue,APAC,549797.22,USD
2023-02-19,Monthly Revenue,APAC,581329.66,USD
2023-02-26,Monthly Revenue,APAC,554561.77,USD
2023-03-05,Monthly Revenue,APAC,573596.64,USD
2023-03-12,Monthly Revenue,APAC,558298.63,USD
2023-03-19,Monthly Revenue,APAC,578419.18,USD
2023-03-26,Monthly Revenue,APAC,574372.35,USD
2023-04-02,Monthly Revenue,APAC,570009.4,USD
2023-04-09,Monthly Revenue,APAC,571849.83,USD
2023-04-16,Monthly Revenue,APAC,566020.67,USD
2023-04-23,Monthly Revenue,APAC,576975.97,USD
2023-04-30,Monthly Revenue,APAC,567559.36,USD
2023-05-07,Monthly Revenue,APAC,559111.19,USD
2023-05-14,Monthly Revenue,APAC,557531.87,USD
2023-05-21,Monthly Revenue,APAC,570693.6,USD
2023-05-28,Monthly Revenue,APAC,583158.39,USD
2023-06-04,Monthly Revenue,APAC,567145.03,USD
2023-06-11,Monthly Revenue,APAC,562352.19,USD
2023-06-18,Monthly Revenue,APAC,564246.75,USD
2023-06-25,Monthly Revenue,APAC,572197.67,USD
2023-07-02,Monthly Revenue,APAC,559024.19,USD
2023-07-09,Monthly Revenue,APAC,550402.47,USD
2023-07-16,Monthly Revenue,APAC,563289.96,USD
2023-07-23,Monthly Revenue,APAC,554308.72,USD
2023-07-30,Monthly Revenue,APAC,563295.18,USD
2023-08-06,Monthly Revenue,APAC,547850.58,USD
2023-08-13,Monthly Revenue,APAC,532057.7,USD
2023-08-20,Monthly Revenue,APAC,529144.82,USD
2023-08-27,Monthly Revenue,APAC,558132.33,USD
2023-09-03,Monthly Revenue,APAC,557957.7,USD
2023-09-10,Monthly Revenue,APAC,538349.42,USD
2023-09-17,Monthly Revenue,APAC,536081.28,USD
2023-09-24,Monthly Revenue,APAC,554655.38,USD
2023-10-01,Monthly Revenue,APAC,529466.43,USD
2023-10-08,Monthly Revenue,APAC,532457.18,USD
2023-10-15,Monthly Revenue,APAC,549074.83,USD
2023-10-22,Monthly Revenue,APAC,540294.6,USD
2023-10-29,Monthly Revenue,APAC,546137.55,USD
2023-11-05,Monthly Revenue,APAC,546833.36,USD
2023-11-12,Monthly Revenue,APAC,554430.39,USD
2023-11-19,Monthly Revenue,APAC,567996.52,USD
2023-11-26,Monthly Revenue,APAC,557943.02,USD
2023-12-03,Monthly Revenue,APAC,566804.94,USD
2023-12-10,Monthly Revenue,APAC,543366.48,USD
2023-12-17,Monthly Revenue,APAC,567016.68,USD
2023-12-24,Monthly Revenue,APAC,562797.01,USD
2023-12-31,Monthly Revenue,APAC,562811.87,USD
2022-01-09,Monthly Revenue,Americas,491218.48,USD
2022-01-16,Monthly Revenue,Americas,500429.45,USD
2022-01-23,Monthly Revenue,Americas,516655.16,USD
2022-01-30,Monthly Revenue,Americas,497867.87,USD
2022-02-06,Monthly Revenue,Americas,514940.76,USD
2022-02-13,Monthly Revenue,Americas,513121.14,USD
2022-02-20,Monthly Revenue,Americas,517801.57,USD
2022-02-27,Monthly Revenue,Americas,533972.94,USD
2022-03-06,Monthly Revenue,Americas,531913.37,USD
2022-03-13,Monthly Revenue,Americas,542185.21,USD
2022-03-20,Monthly Revenue,Americas,529214.29,USD
2022-03-27,Monthly Revenue,Americas,525399.01,USD
2022-04-03,Monthly Revenue,Americas,531356.96,USD
2022-04-10,Monthly Revenue,Americas,536888.08,USD
2022-04-17,Monthly Revenue,Americas,536724.79,USD
2022-04-24,Monthly Revenue,Americas,524242.96,USD
2022-05-01,Monthly Revenue,Americas,535760.29,USD
2022-05-08,Monthly Revenue,Americas,536561.24,USD
2022-05-15,Monthly Revenue,Americas,558551.69,USD
2022-05-22,Monthly Revenue,Americas,550942.04,USD
2022-05-29,Monthly Revenue,Americas,522165.17,USD
2022-06-05,Monthly Revenue,Americas,526107.93,USD
2022-06-12,Monthly Revenue,Americas,512427.96,USD
2022-06-19,Monthly Revenue,Americas,519071.77,USD
2022-06-26,Monthly Revenue,Americas,525928.98,USD
2022-07-03,Monthly Revenue,Americas,532546.8,USD
2022-07-10,Monthly Revenue,Americas,510878.8,USD
2022-07-17,Monthly Revenue,Americas,509320.88,USD
2022-07-24,Monthly Revenue,Americas,492138.62,USD
2022-07-31,Monthly Revenue,Americas,509834.77,USD
2022-08-07,Monthly Revenue,Americas,498830.74,USD
2022-08-14,Monthly Revenue,Americas,502338.13,USD
2022-08-21,Monthly Revenue,Americas,497263.67,USD
2022-08-28,Monthly Revenue,Americas,503746.13,USD
2022-09-04,Monthly Revenue,Americas,486055.47,USD
2022-09-11,Monthly Revenue,Americas,488220.35,USD
2022-09-18,Monthly Revenue,Americas,523777.22,USD
2022-09-25,Monthly Revenue,Americas,489557.23,USD
2022-10-02,Monthly Revenue,Americas,491774.69,USD
2022-10-09,Monthly Revenue,Americas,521793.35,USD
2022-10-16,Monthly Revenue,Americas,533527.83,USD
2022-10-23,Monthly Revenue,Americas,494180.88,USD
2022-10-30,Monthly Revenue,Americas,503989.61,USD
2022-11-06,Monthly Revenue,Americas,513203.8,USD
2022-11-13,Monthly Revenue,Americas,529511.34,USD
2022-11-20,Monthly Revenue,Americas,505086.47,USD
2022-11-27,Monthly Revenue,Americas,515497.74,USD
2022-12-04,Monthly Revenue,Americas,528950.47,USD
2022-12-11,Monthly Revenue,Americas,528945.28,USD
2022-12-18,Monthly Revenue,Americas,524410.51,USD
2022-12-25,Monthly Revenue,Americas,530519.9,USD
2023-01-01,Monthly Revenue,Americas,521862.86,USD
2023-01-08,Monthly Revenue,Americas,537006.44,USD
2023-01-15,Monthly Revenue,Americas,540478.0,USD
2023-01-22,Monthly Revenue,Americas,549149.63,USD
2023-01-29,Monthly Revenue,Americas,544849.11,USD
2023-02-05,Monthly Revenue,Americas,558538.29,USD
2023-02-12,Monthly Revenue,Americas,567176.64,USD
2023-02-19,Monthly Revenue,Americas,561599.25,USD
2023-02-26,Monthly Revenue,Americas,566293.21,USD
2023-03-05,Monthly Revenue,Americas,565743.31,USD
2023-03-12,Monthly Revenue,Americas,567328.74,USD
2023-03-19,Monthly Revenue,Americas,561887.87,USD
2023-03-26,Monthly Revenue,Americas,573687.78,USD
2023-04-02,Monthly Revenue,Americas,570602.92,USD
2023-04-09,Monthly Revenue,Americas,593189.14,USD
2023-04-16,Monthly Revenue,Americas,588302.09,USD
2023-04-23,Monthly Revenue,Americas,576373.72,USD
2023-04-30,Monthly Revenue,Americas,564478.63,USD
2023-05-07,Monthly Revenue,Americas,560243.13,USD
2023-05-14,Monthly Revenue,Americas,582222.67,USD
2023-05-21,Monthly Revenue,Americas,571595.21,USD
2023-05-28,Monthly Revenue,Americas,572168.91,USD
2023-06-04,Monthly Revenue,Americas,548099.26,USD
2023-06-11,Monthly Revenue,Americas,572812.96,USD
2023-06-18,Monthly Revenue,Americas,565932.69,USD
2023-06-25,Monthly Revenue,Americas,548033.35,USD
2023-07-02,Monthly Revenue,Americas,552115.12,USD
2023-07-09,Monthly Revenue,Americas,557148.91,USD
2023-07-16,Monthly Revenue,Americas,552751.74,USD
2023-07-23,Monthly Revenue,Americas,547099.45,USD
2023-07-30,Monthly Revenue,Americas,546902.73,USD
2023-08-06,Monthly Revenue,Americas,543498.47,USD
2023-08-13,Monthly Revenue,Americas,545828.02,USD
2023-08-20,Monthly Revenue,Americas,557541.33,USD
2023-08-27,Monthly Revenue,Americas,515956.47,USD
2023-09-03,Monthly Revenue,Americas,538352.54,USD
2023-09-10,Monthly Revenue,Americas,541909.74,USD
2023-09-17,Monthly Revenue,Americas,542873.1,USD
2023-09-24,Monthly Revenue,Americas,536321.79,USD
2023-10-01,Monthly Revenue,Americas,522969.67,USD
2023-10-08,Monthly Revenue,Americas,544684.41,USD
2023-10-15,Monthly Revenue,Americas,559915.07,USD
2023-10-22,Monthly Revenue,Americas,528902.04,USD
2023-10-29,Monthly Revenue,Americas,554827.05,USD
2023-11-05,Monthly Revenue,Americas,545182.54,USD
2023-11-12,Monthly Revenue,Americas,550441.4,USD
2023-11-19,Monthly Revenue,Americas,543392.72,USD
2023-11-26,Monthly Revenue,Americas,553692.61,USD
2023-12-03,Monthly Revenue,Americas,573366.0,USD
2023-12-10,Monthly Revenue,Americas,569694.75,USD
2023-12-17,Monthly Revenue,Americas,584826.98,USD
2023-12-24,Monthly Revenue,Americas,583003.43,USD
2023-12-31,Monthly Revenue,Americas,579390.87,USD
2022-01-09,Customer Churn Rate,EMEA,5.72,%
2022-01-16,Customer Churn Rate,EMEA,5.37,%
2022-01-23,Customer Churn Rate,EMEA,5.53,%
2022-01-30,Customer Churn Rate,EMEA,5.23,%
2022-02-06,Customer Churn Rate,EMEA,5.37,%
2022-02-13,Customer Churn Rate,EMEA,5.18,%
2022-02-20,Customer Churn Rate,EMEA,5.72,%
2022-02-27,Customer Churn Rate,EMEA,5.1,%
2022-03-06,Customer Churn Rate,EMEA,5.71,%
2022-03-13,Customer Churn Rate,EMEA,5.44,%
2022-03-20,Customer Churn Rate,EMEA,5.87,%
2022-03-27,Customer Churn Rate,EMEA,5.76,%
2022-04-03,Customer Churn Rate,EMEA,6.1,%
2022-04-10,Customer Churn Rate,EMEA,5.78,%
2022-04-17,Customer Churn Rate,EMEA,5.09,%
2022-04-24,Customer Churn Rate,EMEA,5.54,%
2022-05-01,Customer Churn Rate,EMEA,5.21,%
2022-05-08,Customer Churn Rate,EMEA,5.4,%
2022-05-15,Customer Churn Rate,EMEA,6.0,%
2022-05-22,Customer Churn Rate,EMEA,5.73,%
2022-05-29,Customer Churn Rate,EMEA,5.31,%
2022-06-05,Customer Churn Rate,EMEA,5.2,%
2022-06-12,Customer Churn Rate,EMEA,5.49,%
2022-06-19,Customer Churn Rate,EMEA,5.09,%
2022-06-26,Customer Churn Rate,EMEA,5.24,%
2022-07-03,Customer Churn Rate,EMEA,5.51,%
2022-07-10,Customer Churn Rate,EMEA,5.74,%
2022-07-17,Customer Churn Rate,EMEA,5.55,%
2022-07-24,Customer Churn Rate,EMEA,4.65,%
2022-07-31,Customer Churn Rate,EMEA,5.41,%
2022-08-07,Customer Churn Rate,EMEA,5.32,%
2022-08-14,Customer Churn Rate,EMEA,5.4,%
2022-08-21,Customer Churn Rate,EMEA,5.75,%
2022-08-28,Customer Churn Rate,EMEA,4.63,%
2022-09-04,Customer Churn Rate,EMEA,5.06,%
2022-09-11,Customer Churn Rate,EMEA,5.41,%
2022-09-18,Customer Churn Rate,EMEA,4.75,%
2022-09-25,Customer Churn Rate,EMEA,5.67,%
2022-10-02,Customer Churn Rate,EMEA,5.34,%
2022-10-09,Customer Churn Rate,EMEA,5.49,%
2022-10-16,Customer Churn Rate,EMEA,5.08,%
2022-10-23,Customer Churn Rate,EMEA,5.51,%
2022-10-30,Customer Churn Rate,EMEA,5.6,%
2022-11-06,Customer Churn Rate,EMEA,5.37,%
2022-11-13,Customer Churn Rate,EMEA,5.4,%
2022-11-20,Customer Churn Rate,EMEA,5.44,%
2022-11-27,Customer Churn Rate,EMEA,5.13,%
2022-12-04,Customer Churn Rate,EMEA,5.38,%
2022-12-11,Customer Churn Rate,EMEA,5.41,%
2022-12-18,Customer Churn Rate,EMEA,5.61,%
2022-12-25,Customer Churn Rate,EMEA,5.83,%
2023-01-01,Customer Churn Rate,EMEA,5.25,%
2023-01-08,Customer Churn Rate,EMEA,5.57,%
2023-01-15,Customer Churn Rate,EMEA,6.09,%
2023-01-22,Customer Churn Rate,EMEA,5.46,%
2023-01-29,Customer Churn Rate,EMEA,5.48,%
2023-02-05,Customer Churn Rate,EMEA,5.82,%
2023-02-12,Customer Churn Rate,EMEA,6.05,%
2023-02-19,Customer Churn Rate,EMEA,5.83,%
2023-02-26,Customer Churn Rate,EMEA,6.25,%
2023-03-05,Customer Churn Rate,EMEA,6.14,%
2023-03-12,Customer Churn Rate,EMEA,6.15,%
2023-03-19,Customer Churn Rate,EMEA,6.08,%
2023-03-26,Customer Churn Rate,EMEA,6.63,%
2023-04-02,Customer Churn Rate,EMEA,5.88,%
2023-04-09,Customer Churn Rate,EMEA,5.35,%
2023-04-16,Customer Churn Rate,EMEA,6.44,%
2023-04-23,Customer Churn Rate,EMEA,5.82,%
2023-04-30,Customer Churn Rate,EMEA,5.98,%
2023-05-07,Customer Churn Rate,EMEA,6.34,%
2023-05-14,Customer Churn Rate,EMEA,5.45,%
2023-05-21,Customer Churn Rate,EMEA,5.54,%
2023-05-28,Customer Churn Rate,EMEA,5.42,%
2023-06-04,Customer Churn Rate,EMEA,5.64,%
2023-06-11,Customer Churn Rate,EMEA,5.99,%
2023-06-18,Customer Churn Rate,EMEA,6.0,%
2023-06-25,Customer Churn Rate,EMEA,5.9,%
2023-07-02,Customer Churn Rate,EMEA,5.37,%
2023-07-09,Customer Churn Rate,EMEA,5.07,%
2023-07-16,Customer Churn Rate,EMEA,5.76,%
2023-07-23,Customer Churn Rate,EMEA,5.58,%
2023-07-30,Customer Churn Rate,EMEA,5.84,%
2023-08-06,Customer Churn Rate,EMEA,5.89,%
2023-08-13,Customer Churn Rate,EMEA,5.7,%
2023-08-20,Customer Churn Rate,EMEA,5.87,%
2023-08-27,Customer Churn Rate,EMEA,5.7,%
2023-09-03,Customer Churn Rate,EMEA,5.78,%
2023-09-10,Customer Churn Rate,EMEA,5.41,%
2023-09-17,Customer Churn Rate,EMEA,5.56,%
2023-09-24,Customer Churn Rate,EMEA,5.68,%
2023-10-01,Customer Churn Rate,EMEA,5.87,%
2023-10-08,Customer Churn Rate,EMEA,5.51,%
2023-10-15,Customer Churn Rate,EMEA,5.8,%
2023-10-22,Customer Churn Rate,EMEA,5.58,%
2023-10-29,Customer Churn Rate,EMEA,5.65,%
2023-11-05,Customer Churn Rate,EMEA,5.95,%
2023-11-12,Customer Churn Rate,EMEA,5.13,%
2023-11-19,Customer Churn Rate,EMEA,5.37,%
2023-11-26,Customer Churn Rate,EMEA,5.35,%
2023-12-03,Customer Churn Rate,EMEA,5.13,%
2023-12-10,Customer Churn Rate,EMEA,5.66,%
2023-12-17,Customer Churn Rate,EMEA,6.13,%
2023-12-24,Customer Churn Rate,EMEA,5.86,%
2023-12-31,Customer Churn Rate,EMEA,6.04,%
2022-01-09,Customer Churn Rate,APAC,5.53,%
2022-01-16,Customer Churn Rate,APAC,5.64,%
2022-01-23,Customer Churn Rate,APAC,5.26,%
2022-01-30,Customer Churn Rate,APAC,5.72,%
2022-02-06,Customer Churn Rate,APAC,5.38,%
2022-02-13,Customer Churn Rate,APAC,5.14,%
2022-02-20,Customer Churn Rate,APAC,5.24,%
2022-02-27,Customer Churn Rate,APAC,5.0,%
2022-03-06,Customer Churn Rate,APAC,5.21,%
2022-03-13,Customer Churn Rate,APAC,5.39,%
2022-03-20,Customer Churn Rate,APAC,5.76,%
2022-03-27,Customer Churn Rate,APAC,6.05,%
2022-04-03,Customer Churn Rate,APAC,5.13,%
2022-04-10,Customer Churn Rate,APAC,5.68,%
2022-04-17,Customer Churn Rate,APAC,5.25,%
2022-04-24,Customer Churn Rate,APAC,5.71,%
2022-05-01,Customer Churn Rate,APAC,5.52,%
2022-05-08,Customer Churn Rate,APAC,5.01,%
2022-05-15,Customer Churn Rate,APAC,5.83,%
2022-05-22,Customer Churn Rate,APAC,5.35,%
2022-05-29,Customer Churn Rate,APAC,5.36,%
2022-06-05,Customer Churn Rate,APAC,5.18,%
2022-06-12,Customer Churn Rate,APAC,5.29,%
2022-06-19,Customer Churn Rate,APAC,5.59,%
2022-06-26,Customer Churn Rate,APAC,5.38,%
2022-07-03,Customer Churn Rate,APAC,5.51,%
2022-07-10,Customer Churn Rate,APAC,5.5,%
2022-07-17,Customer Churn Rate,APAC,5.76,%
2022-07-24,Customer Churn Rate,APAC,5.24,%
2022-07-31,Customer Churn Rate,APAC,4.88,%
2022-08-07,Customer Churn Rate,APAC,5.62,%
2022-08-14,Customer Churn Rate,APAC,5.18,%
2022-08-21,Customer Churn Rate,APAC,5.6,%
2022-08-28,Customer Churn Rate,APAC,5.36,%
2022-09-04,Customer Churn Rate,APAC,5.2,%
2022-09-11,Customer Churn Rate,APAC,5.33,%
2022-09-18,Customer Churn Rate,APAC,5.81,%
2022-09-25,Customer Churn Rate,APAC,5.85,%
2022-10-02,Customer Churn Rate,APAC,5.25,%
2022-10-09,Customer Churn Rate,APAC,5.28,%
2022-10-16,Customer Churn Rate,APAC,5.57,%
2022-10-23,Customer Churn Rate,APAC,5.01,%
2022-10-30,Customer Churn Rate,APAC,5.38,%
2022-11-06,Customer Churn Rate,APAC,5.29,%
2022-11-13,Customer Churn Rate,APAC,5.42,%
2022-11-20,Customer Churn Rate,APAC,5.11,%
2022-11-27,Customer Churn Rate,APAC,4.91,%
2022-12-04,Customer Churn Rate,APAC,4.8,%
2022-12-11,Customer Churn Rate,APAC,5.12,%
2022-12-18,Customer Churn Rate,APAC,5.36,%
2022-12-25,Customer Churn Rate,APAC,5.44,%
2023-01-01,Customer Churn Rate,APAC,6.15,%
2023-01-08,Customer Churn Rate,APAC,5.94,%
2023-01-15,Customer Churn Rate,APAC,5.36,%
2023-01-22,Customer Churn Rate,APAC,5.79,%
2023-01-29,Customer Churn Rate,APAC,5.6,%
2023-02-05,Customer Churn Rate,APAC,5.67,%
2023-02-12,Customer Churn Rate,APAC,5.85,%
2023-02-19,Customer Churn Rate,APAC,6.01,%
2023-02-26,Customer Churn Rate,APAC,5.75,%
2023-03-05,Customer Churn Rate,APAC,6.2,%
2023-03-12,Customer Churn Rate,APAC,5.56,%
2023-03-19,Customer Churn Rate,APAC,5.92,%
2023-03-26,Customer Churn Rate,APAC,6.71,%
2023-04-02,Customer Churn Rate,APAC,6.01,%
2023-04-09,Customer Churn Rate,APAC,6.38,%
2023-04-16,Customer Churn Rate,APAC,5.98,%
2023-04-23,Customer Churn Rate,APAC,6.13,%
2023-04-30,Customer Churn Rate,APAC,5.93,%
2023-05-07,Customer Churn Rate,APAC,5.89,%
2023-05-14,Customer Churn Rate,APAC,5.7,%
2023-05-21,Customer Churn Rate,APAC,6.05,%
2023-05-28,Customer Churn Rate,APAC,5.65,%
2023-06-04,Customer Churn Rate,APAC,6.08,%
2023-06-11,Customer Churn Rate,APAC,6.19,%
2023-06-18,Customer Churn Rate,APAC,5.95,%
2023-06-25,Customer Churn Rate,APAC,5.73,%
2023-07-02,Customer Churn Rate,APAC,5.93,%
2023-07-09,Customer Churn Rate,APAC,5.67,%
2023-07-16,Customer Churn Rate,APAC,6.02,%
2023-07-23,Customer Churn Rate,APAC,5.17,%
2023-07-30,Customer Churn Rate,APAC,5.6,%
2023-08-06,Customer Churn Rate,APAC,5.08,%
2023-08-13,Customer Churn Rate,APAC,5.21,%
2023-08-20,Customer Churn Rate,APAC,6.05,%
2023-08-27,Customer Churn Rate,APAC,5.9,%
2023-09-03,Customer Churn Rate,APAC,5.41,%
2023-09-10,Customer Churn Rate,APAC,5.17,%
2023-09-17,Customer Churn Rate,APAC,4.73,%
2023-09-24,Customer Churn Rate,APAC,5.45,%
2023-10-01,Customer Churn Rate,APAC,6.35,%
2023-10-08,Customer Churn Rate,APAC,5.76,%
2023-10-15,Customer Churn Rate,APAC,5.48,%
2023-10-22,Customer Churn Rate,APAC,5.8,%
2023-10-29,Customer Churn Rate,APAC,5.21,%
2023-11-05,Customer Churn Rate,APAC,5.61,%
2023-11-12,Customer Churn Rate,APAC,5.76,%
2023-11-19,Customer Churn Rate,APAC,5.73,%
2023-11-26,Customer Churn Rate,APAC,6.03,%
2023-12-03,Customer Churn Rate,APAC,5.93,%
2023-12-10,Customer Churn Rate,APAC,6.06,%
2023-12-17,Customer Churn Rate,APAC,5.7,%
2023-12-24,Customer Churn Rate,APAC,6.21,%
2023-12-31,Customer Churn Rate,APAC,6.47,%
2022-01-09,Customer Churn Rate,Americas,4.91,%
2022-01-16,Customer Churn Rate,Americas,4.97,%
2022-01-23,Customer Churn Rate,Americas,5.68,%
2022-01-30,Customer Churn Rate,Americas,5.26,%
2022-02-06,Customer Churn Rate,Americas,5.77,%
2022-02-13,Customer Churn Rate,Americas,5.25,%
2022-02-20,Customer Churn Rate,Americas,5.86,%
2022-02-27,Customer Churn Rate,Americas,5.49,%
2022-03-06,Customer Churn Rate,Americas,5.55,%
2022-03-13,Customer Churn Rate,Americas,5.97,%
2022-03-20,Customer Churn Rate,Americas,5.41,%
2022-03-27,Customer Churn Rate,Americas,5.25,%
2022-04-03,Customer Churn Rate,Americas,5.41,%
2022-04-10,Customer Churn Rate,Americas,5.69,%
2022-04-17,Customer Churn Rate,Americas,5.09,%
2022-04-24,Customer Churn Rate,Americas,5.76,%
2022-05-01,Customer Churn Rate,Americas,5.4,%
2022-05-08,Customer Churn Rate,Americas,5.9,%
2022-05-15,Customer Churn Rate,Americas,4.83,%
2022-05-22,Customer Churn Rate,Americas,5.3,%
2022-05-29,Customer Churn Rate,Americas,5.01,%
2022-06-05,Customer Churn Rate,Americas,5.25,%
2022-06-12,Customer Churn Rate,Americas,5.56,%
2022-06-19,Customer Churn Rate,Americas,5.41,%
2022-06-26,Customer Churn Rate,Americas,5.36,%
2022-07-03,Customer Churn Rate,Americas,5.37,%
2022-07-10,Customer Churn Rate,Americas,5.45,%
2022-07-17,Customer Churn Rate,Americas,5.06,%
2022-07-24,Customer Churn Rate,Americas,5.55,%
2022-07-31,Customer Churn Rate,Americas,5.52,%
2022-08-07,Customer Churn Rate,Americas,5.41,%
2022-08-14,Customer Churn Rate,Americas,5.45,%
2022-08-21,Customer Churn Rate,Americas,5.35,%
2022-08-28,Customer Churn Rate,Americas,5.86,%
2022-09-04,Customer Churn Rate,Americas,5.21,%
2022-09-11,Customer Churn Rate,Americas,5.14,%
2022-09-18,Customer Churn Rate,Americas,5.0,%
2022-09-25,Customer Churn Rate,Americas,4.92,%
2022-10-02,Customer Churn Rate,Americas,4.86,%
2022-10-09,Customer Churn Rate,Americas,4.97,%
2022-10-16,Customer Churn Rate,Americas,5.23,%
2022-10-23,Customer Churn Rate,Americas,5.36,%
2022-10-30,Customer Churn Rate,Americas,5.3,%
2022-11-06,Customer Churn Rate,Americas,5.07,%
2022-11-13,Customer Churn Rate,Americas,5.6,%
2022-11-20,Customer Churn Rate,Americas,5.58,%
2022-11-27,Customer Churn Rate,Americas,5.34,%
2022-12-04,Customer Churn Rate,Americas,5.22,%
2022-12-11,Customer Churn Rate,Americas,5.62,%
2022-12-18,Customer Churn Rate,Americas,5.55,%
2022-12-25,Customer Churn Rate,Americas,5.1,%
2023-01-01,Customer Churn Rate,Americas,5.55,%
2023-01-08,Customer Churn Rate,Americas,5.69,%
2023-01-15,Customer Churn Rate,Americas,5.38,%
2023-01-22,Customer Churn Rate,Americas,5.74,%
2023-01-29,Customer Churn Rate,Americas,5.29,%
2023-02-05,Customer Churn Rate,Americas,6.16,%
2023-02-12,Customer Churn Rate,Americas,6.17,%
2023-02-19,Customer Churn Rate,Americas,5.75,%
2023-02-26,Customer Churn Rate,Americas,5.96,%
2023-03-05,Customer Churn Rate,Americas,5.16,%
2023-03-12,Customer Churn Rate,Americas,5.55,%
2023-03-19,Customer Churn Rate,Americas,5.83,%
2023-03-26,Customer Churn Rate,Americas,5.61,%
2023-04-02,Customer Churn Rate,Americas,6.16,%
2023-04-09,Customer Churn Rate,Americas,6.55,%
2023-04-16,Customer Churn Rate,Americas,5.6,%
2023-04-23,Customer Churn Rate,Americas,5.7,%
2023-04-30,Customer Churn Rate,Americas,6.02,%
2023-05-07,Customer Churn Rate,Americas,6.43,%
2023-05-14,Customer Churn Rate,Americas,5.56,%
2023-05-21,Customer Churn Rate,Americas,5.99,%
2023-05-28,Customer Churn Rate,Americas,6.45,%
2023-06-04,Customer Churn Rate,Americas,5.39,%
2023-06-11,Customer Churn Rate,Americas,5.48,%
2023-06-18,Customer Churn Rate,Americas,5.71,%
2023-06-25,Customer Churn Rate,Americas,5.66,%
2023-07-02,Customer Churn Rate,Americas,6.03,%
2023-07-09,Customer Churn Rate,Americas,5.84,%
2023-07-16,Customer Churn Rate,Americas,5.21,%
2023-07-23,Customer Churn Rate,Americas,5.87,%
2023-07-30,Customer Churn Rate,Americas,5.53,%
2023-08-06,Customer Churn Rate,Americas,6.06,%
2023-08-13,Customer Churn Rate,Americas,5.47,%
2023-08-20,Customer Churn Rate,Americas,5.45,%
2023-08-27,Customer Churn Rate,Americas,5.8,%
2023-09-03,Customer Churn Rate,Americas,5.85,%
2023-09-10,Customer Churn Rate,Americas,5.75,%
2023-09-17,Customer Churn Rate,Americas,5.11,%
2023-09-24,Customer Churn Rate,Americas,5.78,%
2023-10-01,Customer Churn Rate,Americas,5.31,%
2023-10-08,Customer Churn Rate,Americas,5.7,%
2023-10-15,Customer Churn Rate,Americas,5.22,%
2023-10-22,Customer Churn Rate,Americas,5.79,%
2023-10-29,Customer Churn Rate,Americas,5.44,%
2023-11-05,Customer Churn Rate,Americas,5.32,%
2023-11-12,Customer Churn Rate,Americas,5.95,%
2023-11-19,Customer Churn Rate,Americas,5.83,%
2023-11-26,Customer Churn Rate,Americas,5.61,%
2023-12-03,Customer Churn Rate,Americas,6.26,%
2023-12-10,Customer Churn Rate,Americas,5.73,%
2023-12-17,Customer Churn Rate,Americas,5.91,%
2023-12-24,Customer Churn Rate,Americas,6.02,%
2023-12-31,Customer Churn Rate,Americas,5.79,%
2022-01-09,NPS Score,EMEA,43.41,pts
2022-01-16,NPS Score,EMEA,40.72,pts
2022-01-23,NPS Score,EMEA,41.39,pts
2022-01-30,NPS Score,EMEA,47.02,pts
2022-02-06,NPS Score,EMEA,40.11,pts
2022-02-13,NPS Score,EMEA,36.27,pts
2022-02-20,NPS Score,EMEA,48.6,pts
2022-02-27,NPS Score,EMEA,51.66,pts
2022-03-06,NPS Score,EMEA,43.01,pts
2022-03-13,NPS Score,EMEA,38.61,pts
2022-03-20,NPS Score,EMEA,43.65,pts
2022-03-27,NPS Score,EMEA,43.86,pts
2022-04-03,NPS Score,EMEA,44.25,pts
2022-04-10,NPS Score,EMEA,41.55,pts
2022-04-17,NPS Score,EMEA,46.68,pts
2022-04-24,NPS Score,EMEA,46.52,pts
2022-05-01,NPS Score,EMEA,40.44,pts
2022-05-08,NPS Score,EMEA,46.98,pts
2022-05-15,NPS Score,EMEA,50.96,pts
2022-05-22,NPS Score,EMEA,45.22,pts
2022-05-29,NPS Score,EMEA,43.57,pts
2022-06-05,NPS Score,EMEA,44.01,pts
2022-06-12,NPS Score,EMEA,46.12,pts
2022-06-19,NPS Score,EMEA,38.91,pts
2022-06-26,NPS Score,EMEA,44.41,pts
2022-07-03,NPS Score,EMEA,42.55,pts
2022-07-10,NPS Score,EMEA,49.07,pts
2022-07-17,NPS Score,EMEA,42.81,pts
2022-07-24,NPS Score,EMEA,48.15,pts
2022-07-31,NPS Score,EMEA,39.65,pts
2022-08-07,NPS Score,EMEA,44.56,pts
2022-08-14,NPS Score,EMEA,43.6,pts
2022-08-21,NPS Score,EMEA,39.9,pts
2022-08-28,NPS Score,EMEA,42.93,pts
2022-09-04,NPS Score,EMEA,45.94,pts
2022-09-11,NPS Score,EMEA,41.27,pts
2022-09-18,NPS Score,EMEA,37.13,pts
2022-09-25,NPS Score,EMEA,42.15,pts
2022-10-02,NPS Score,EMEA,39.52,pts
2022-10-09,NPS Score,EMEA,41.26,pts
2022-10-16,NPS Score,EMEA,42.13,pts
2022-10-23,NPS Score,EMEA,37.38,pts
2022-10-30,NPS Score,EMEA,37.8,pts
2022-11-06,NPS Score,EMEA,44.27,pts
2022-11-13,NPS Score,EMEA,41.46,pts
2022-11-20,NPS Score,EMEA,35.56,pts
2022-11-27,NPS Score,EMEA,45.86,pts
2022-12-04,NPS Score,EMEA,44.6,pts
2022-12-11,NPS Score,EMEA,41.92,pts
2022-12-18,NPS Score,EMEA,40.42,pts
2022-12-25,NPS Score,EMEA,47.18,pts
2023-01-01,NPS Score,EMEA,46.04,pts
2023-01-08,NPS Score,EMEA,52.46,pts
2023-01-15,NPS Score,EMEA,46.88,pts
2023-01-22,NPS Score,EMEA,47.1,pts
2023-01-29,NPS Score,EMEA,45.73,pts
2023-02-05,NPS Score,EMEA,48.97,pts
2023-02-12,NPS Score,EMEA,48.67,pts
2023-02-19,NPS Score,EMEA,50.8,pts
2023-02-26,NPS Score,EMEA,45.71,pts
2023-03-05,NPS Score,EMEA,46.17,pts
2023-03-12,NPS Score,EMEA,46.22,pts
2023-03-19,NPS Score,EMEA,50.18,pts
2023-03-26,NPS Score,EMEA,52.42,pts
2023-04-02,NPS Score,EMEA,46.64,pts
2023-04-09,NPS Score,EMEA,46.8,pts
2023-04-16,NPS Score,EMEA,49.04,pts
2023-04-23,NPS Score,EMEA,47.35,pts
2023-04-30,NPS Score,EMEA,50.91,pts
2023-05-07,NPS Score,EMEA,41.24,pts
2023-05-14,NPS Score,EMEA,45.43,pts
2023-05-21,NPS Score,EMEA,45.45,pts
2023-05-28,NPS Score,EMEA,40.7,pts
2023-06-04,NPS Score,EMEA,44.61,pts
2023-06-11,NPS Score,EMEA,44.59,pts
2023-06-18,NPS Score,EMEA,46.55,pts
2023-06-25,NPS Score,EMEA,50.31,pts
2023-07-02,NPS Score,EMEA,46.04,pts
2023-07-09,NPS Score,EMEA,43.49,pts
2023-07-16,NPS Score,EMEA,46.22,pts
2023-07-23,NPS Score,EMEA,49.35,pts
2023-07-30,NPS Score,EMEA,43.1,pts
2023-08-06,NPS Score,EMEA,43.13,pts
2023-08-13,NPS Score,EMEA,47.4,pts
2023-08-20,NPS Score,EMEA,44.93,pts
2023-08-27,NPS Score,EMEA,47.44,pts
2023-09-03,NPS Score,EMEA,45.38,pts
2023-09-10,NPS Score,EMEA,47.48,pts
2023-09-17,NPS Score,EMEA,42.25,pts
2023-09-24,NPS Score,EMEA,45.33,pts
2023-10-01,NPS Score,EMEA,44.77,pts
2023-10-08,NPS Score,EMEA,41.83,pts
2023-10-15,NPS Score,EMEA,40.89,pts
2023-10-22,NPS Score,EMEA,47.77,pts
2023-10-29,NPS Score,EMEA,44.83,pts
2023-11-05,NPS Score,EMEA,43.0,pts
2023-11-12,NPS Score,EMEA,46.0,pts
2023-11-19,NPS Score,EMEA,49.91,pts
2023-11-26,NPS Score,EMEA,39.95,pts
2023-12-03,NPS Score,EMEA,42.58,pts
2023-12-10,NPS Score,EMEA,44.6,pts
2023-12-17,NPS Score,EMEA,52.05,pts
2023-12-24,NPS Score,EMEA,48.83,pts
2023-12-31,NPS Score,EMEA,50.6,pts
2022-01-09,NPS Score,APAC,38.58,pts
2022-01-16,NPS Score,APAC,38.96,pts
2022-01-23,NPS Score,APAC,43.97,pts
2022-01-30,NPS Score,APAC,43.11,pts
2022-02-06,NPS Score,APAC,44.88,pts
2022-02-13,NPS Score,APAC,42.95,pts
2022-02-20,NPS Score,APAC,44.61,pts
2022-02-27,NPS Score,APAC,44.49,pts
2022-03-06,NPS Score,APAC,46.56,pts
2022-03-13,NPS Score,APAC,46.84,pts
2022-03-20,NPS Score,APAC,39.72,pts
2022-03-27,NPS Score,APAC,37.98,pts
2022-04-03,NPS Score,APAC,47.83,pts
2022-04-10,NPS Score,APAC,48.46,pts
2022-04-17,NPS Score,APAC,41.87,pts
2022-04-24,NPS Score,APAC,39.37,pts
2022-05-01,NPS Score,APAC,45.22,pts
2022-05-08,NPS Score,APAC,47.67,pts
2022-05-15,NPS Score,APAC,50.2,pts
2022-05-22,NPS Score,APAC,46.25,pts
2022-05-29,NPS Score,APAC,43.46,pts
2022-06-05,NPS Score,APAC,41.76,pts
2022-06-12,NPS Score,APAC,44.31,pts
2022-06-19,NPS Score,APAC,43.2,pts
2022-06-26,NPS Score,APAC,40.87,pts
2022-07-03,NPS Score,APAC,49.87,pts
2022-07-10,NPS Score,APAC,48.88,pts
2022-07-17,NPS Score,APAC,46.74,pts
2022-07-24,NPS Score,APAC,40.38,pts
2022-07-31,NPS Score,APAC,45.53,pts
2022-08-07,NPS Score,APAC,44.71,pts
2022-08-14,NPS Score,APAC,43.97,pts
2022-08-21,NPS Score,APAC,46.26,pts
2022-08-28,NPS Score,APAC,44.3,pts
2022-09-04,NPS Score,APAC,44.53,pts
2022-09-11,NPS Score,APAC,44.15,pts
2022-09-18,NPS Score,APAC,43.23,pts
2022-09-25,NPS Score,APAC,36.85,pts
2022-10-02,NPS Score,APAC,42.48,pts
2022-10-09,NPS Score,APAC,40.62,pts
2022-10-16,NPS Score,APAC,38.54,pts
2022-10-23,NPS Score,APAC,47.54,pts
2022-10-30,NPS Score,APAC,47.83,pts
2022-11-06,NPS Score,APAC,46.9,pts
2022-11-13,NPS Score,APAC,43.79,pts
2022-11-20,NPS Score,APAC,47.31,pts
2022-11-27,NPS Score,APAC,43.54,pts
2022-12-04,NPS Score,APAC,44.39,pts
2022-12-11,NPS Score,APAC,40.79,pts
2022-12-18,NPS Score,APAC,45.56,pts
2022-12-25,NPS Score,APAC,44.86,pts
2023-01-01,NPS Score,APAC,41.08,pts
2023-01-08,NPS Score,APAC,45.16,pts
2023-01-15,NPS Score,APAC,45.38,pts
2023-01-22,NPS Score,APAC,51.33,pts
2023-01-29,NPS Score,APAC,48.92,pts
2023-02-05,NPS Score,APAC,46.56,pts
2023-02-12,NPS Score,APAC,47.54,pts
2023-02-19,NPS Score,APAC,47.18,pts
2023-02-26,NPS Score,APAC,46.66,pts
2023-03-05,NPS Score,APAC,44.23,pts
2023-03-12,NPS Score,APAC,47.2,pts
2023-03-19,NPS Score,APAC,45.57,pts
2023-03-26,NPS Score,APAC,44.17,pts
2023-04-02,NPS Score,APAC,49.55,pts
2023-04-09,NPS Score,APAC,49.24,pts
2023-04-16,NPS Score,APAC,42.74,pts
2023-04-23,NPS Score,APAC,47.72,pts
2023-04-30,NPS Score,APAC,51.04,pts
2023-05-07,NPS Score,APAC,51.17,pts
2023-05-14,NPS Score,APAC,50.98,pts
2023-05-21,NPS Score,APAC,47.91,pts
2023-05-28,NPS Score,APAC,45.12,pts
2023-06-04,NPS Score,APAC,44.25,pts
2023-06-11,NPS Score,APAC,48.37,pts
2023-06-18,NPS Score,APAC,48.29,pts
2023-06-25,NPS Score,APAC,50.83,pts
2023-07-02,NPS Score,APAC,50.07,pts
2023-07-09,NPS Score,APAC,46.18,pts
2023-07-16,NPS Score,APAC,42.65,pts
2023-07-23,NPS Score,APAC,45.24,pts
2023-07-30,NPS Score,APAC,46.68,pts
2023-08-06,NPS Score,APAC,45.26,pts
2023-08-13,NPS Score,APAC,43.99,pts
2023-08-20,NPS Score,APAC,46.36,pts
2023-08-27,NPS Score,APAC,43.98,pts
2023-09-03,NPS Score,APAC,43.54,pts
2023-09-10,NPS Score,APAC,46.31,pts
2023-09-17,NPS Score,APAC,44.15,pts
2023-09-24,NPS Score,APAC,46.1,pts
2023-10-01,NPS Score,APAC,46.22,pts
2023-10-08,NPS Score,APAC,42.06,pts
2023-10-15,NPS Score,APAC,44.14,pts
2023-10-22,NPS Score,APAC,50.03,pts
2023-10-29,NPS Score,APAC,42.39,pts
2023-11-05,NPS Score,APAC,39.72,pts
2023-11-12,NPS Score,APAC,40.7,pts
2023-11-19,NPS Score,APAC,46.62,pts
2023-11-26,NPS Score,APAC,46.88,pts
2023-12-03,NPS Score,APAC,46.72,pts
2023-12-10,NPS Score,APAC,51.01,pts
2023-12-17,NPS Score,APAC,39.65,pts
2023-12-24,NPS Score,APAC,49.17,pts
2023-12-31,NPS Score,APAC,52.98,pts
2022-01-09,NPS Score,Americas,38.62,pts
2022-01-16,NPS Score,Americas,41.18,pts
2022-01-23,NPS Score,Americas,40.37,pts
2022-01-30,NPS Score,Americas,40.25,pts
2022-02-06,NPS Score,Americas,42.25,pts
2022-02-13,NPS Score,Americas,47.79,pts
2022-02-20,NPS Score,Americas,49.28,pts
2022-02-27,NPS Score,Americas,43.0,pts
2022-03-06,NPS Score,Americas,49.94,pts
2022-03-13,NPS Score,Americas,44.53,pts
2022-03-20,NPS Score,Americas,49.84,pts
2022-03-27,NPS Score,Americas,44.44,pts
2022-04-03,NPS Score,Americas,45.22,pts
2022-04-10,NPS Score,Americas,45.99,pts
2022-04-17,NPS Score,Americas,54.47,pts
2022-04-24,NPS Score,Americas,47.5,pts
2022-05-01,NPS Score,Americas,42.81,pts
2022-05-08,NPS Score,Americas,47.79,pts
2022-05-15,NPS Score,Americas,43.72,pts
2022-05-22,NPS Score,Americas,43.23,pts
2022-05-29,NPS Score,Americas,47.3,pts
2022-06-05,NPS Score,Americas,44.53,pts
2022-06-12,NPS Score,Americas,45.11,pts
2022-06-19,NPS Score,Americas,44.14,pts
2022-06-26,NPS Score,Americas,44.92,pts
2022-07-03,NPS Score,Americas,45.0,pts
2022-07-10,NPS Score,Americas,37.72,pts
2022-07-17,NPS Score,Americas,45.33,pts
2022-07-24,NPS Score,Americas,40.2,pts
2022-07-31,NPS Score,Americas,38.64,pts
2022-08-07,NPS Score,Americas,42.62,pts
2022-08-14,NPS Score,Americas,42.89,pts
2022-08-21,NPS Score,Americas,40.43,pts
2022-08-28,NPS Score,Americas,44.89,pts
2022-09-04,NPS Score,Americas,38.28,pts
2022-09-11,NPS Score,Americas,41.02,pts
2022-09-18,NPS Score,Americas,40.45,pts
2022-09-25,NPS Score,Americas,42.06,pts
2022-10-02,NPS Score,Americas,43.07,pts
2022-10-09,NPS Score,Americas,39.26,pts
2022-10-16,NPS Score,Americas,44.55,pts
2022-10-23,NPS Score,Americas,42.68,pts
2022-10-30,NPS Score,Americas,36.97,pts
2022-11-06,NPS Score,Americas,36.95,pts
2022-11-13,NPS Score,Americas,42.99,pts
2022-11-20,NPS Score,Americas,42.59,pts
2022-11-27,NPS Score,Americas,43.2,pts
2022-12-04,NPS Score,Americas,43.69,pts
2022-12-11,NPS Score,Americas,44.74,pts
2022-12-18,NPS Score,Americas,47.21,pts
2022-12-25,NPS Score,Americas,41.34,pts
2023-01-01,NPS Score,Americas,41.48,pts
2023-01-08,NPS Score,Americas,42.03,pts
2023-01-15,NPS Score,Americas,46.49,pts
2023-01-22,NPS Score,Americas,49.67,pts
2023-01-29,NPS Score,Americas,44.94,pts
2023-02-05,NPS Score,Americas,39.02,pts
2023-02-12,NPS Score,Americas,41.68,pts
2023-02-19,NPS Score,Americas,44.54,pts
2023-02-26,NPS Score,Americas,45.6,pts
2023-03-05,NPS Score,Americas,46.25,pts
2023-03-12,NPS Score,Americas,47.77,pts
2023-03-19,NPS Score,Americas,46.87,pts
2023-03-26,NPS Score,Americas,51.07,pts
2023-04-02,NPS Score,Americas,45.98,pts
2023-04-09,NPS Score,Americas,45.48,pts
2023-04-16,NPS Score,Americas,49.53,pts
2023-04-23,NPS Score,Americas,43.48,pts
2023-04-30,NPS Score,Americas,49.23,pts
2023-05-07,NPS Score,Americas,48.3,pts
2023-05-14,NPS Score,Americas,47.46,pts
2023-05-21,NPS Score,Americas,52.56,pts
2023-05-28,NPS Score,Americas,45.79,pts
2023-06-04,NPS Score,Americas,53.69,pts
2023-06-11,NPS Score,Americas,46.66,pts
2023-06-18,NPS Score,Americas,43.33,pts
2023-06-25,NPS Score,Americas,47.18,pts
2023-07-02,NPS Score,Americas,43.55,pts
2023-07-09,NPS Score,Americas,44.32,pts
2023-07-16,NPS Score,Americas,47.58,pts
2023-07-23,NPS Score,Americas,47.87,pts
2023-07-30,NPS Score,Americas,44.16,pts
2023-08-06,NPS Score,Americas,48.83,pts
2023-08-13,NPS Score,Americas,49.19,pts
2023-08-20,NPS Score,Americas,49.91,pts
2023-08-27,NPS Score,Americas,47.08,pts
2023-09-03,NPS Score,Americas,49.51,pts
2023-09-10,NPS Score,Americas,39.73,pts
2023-09-17,NPS Score,Americas,44.4,pts
2023-09-24,NPS Score,Americas,42.76,pts
2023-10-01,NPS Score,Americas,45.76,pts
2023-10-08,NPS Score,Americas,43.76,pts
2023-10-15,NPS Score,Americas,45.08,pts
2023-10-22,NPS Score,Americas,51.36,pts
2023-10-29,NPS Score,Americas,45.37,pts
2023-11-05,NPS Score,Americas,47.31,pts
2023-11-12,NPS Score,Americas,45.59,pts
2023-11-19,NPS Score,Americas,46.76,pts
2023-11-26,NPS Score,Americas,46.81,pts
2023-12-03,NPS Score,Americas,48.42,pts
2023-12-10,NPS Score,Americas,50.86,pts
2023-12-17,NPS Score,Americas,52.61,pts
2023-12-24,NPS Score,Americas,48.91,pts
2023-12-31,NPS Score,Americas,50.07,pts
2022-01-09,Support Tickets,EMEA,285.47,count
2022-01-16,Support Tickets,EMEA,319.78,count
2022-01-23,Support Tickets,EMEA,353.01,count
2022-01-30,Support Tickets,EMEA,353.1,count
2022-02-06,Support Tickets,EMEA,335.71,count
2022-02-13,Support Tickets,EMEA,358.09,count
2022-02-20,Support Tickets,EMEA,348.21,count
2022-02-27,Support Tickets,EMEA,371.33,count
2022-03-06,Support Tickets,EMEA,345.66,count
2022-03-13,Support Tickets,EMEA,327.77,count
2022-03-20,Support Tickets,EMEA,349.76,count
2022-03-27,Support Tickets,EMEA,252.79,count
2022-04-03,Support Tickets,EMEA,352.99,count
2022-04-10,Support Tickets,EMEA,232.6,count
2022-04-17,Support Tickets,EMEA,290.67,count
2022-04-24,Support Tickets,EMEA,356.01,count
2022-05-01,Support Tickets,EMEA,356.63,count
2022-05-08,Support Tickets,EMEA,307.07,count
2022-05-15,Support Tickets,EMEA,320.0,count
2022-05-22,Support Tickets,EMEA,381.71,count
2022-05-29,Support Tickets,EMEA,325.13,count
2022-06-05,Support Tickets,EMEA,405.84,count
2022-06-12,Support Tickets,EMEA,337.26,count
2022-06-19,Support Tickets,EMEA,348.23,count
2022-06-26,Support Tickets,EMEA,383.08,count
2022-07-03,Support Tickets,EMEA,337.04,count
2022-07-10,Support Tickets,EMEA,301.56,count
2022-07-17,Support Tickets,EMEA,326.86,count
2022-07-24,Support Tickets,EMEA,327.64,count
2022-07-31,Support Tickets,EMEA,286.39,count
2022-08-07,Support Tickets,EMEA,318.38,count
2022-08-14,Support Tickets,EMEA,302.62,count
2022-08-21,Support Tickets,EMEA,351.59,count
2022-08-28,Support Tickets,EMEA,324.04,count
2022-09-04,Support Tickets,EMEA,313.84,count
2022-09-11,Support Tickets,EMEA,318.66,count
2022-09-18,Support Tickets,EMEA,328.28,count
2022-09-25,Support Tickets,EMEA,340.06,count
2022-10-02,Support Tickets,EMEA,291.76,count
2022-10-09,Support Tickets,EMEA,290.94,count
2022-10-16,Support Tickets,EMEA,356.01,count
2022-10-23,Support Tickets,EMEA,311.4,count
2022-10-30,Support Tickets,EMEA,282.4,count
2022-11-06,Support Tickets,EMEA,339.58,count
2022-11-13,Support Tickets,EMEA,341.72,count
2022-11-20,Support Tickets,EMEA,283.65,count
2022-11-27,Support Tickets,EMEA,338.37,count
2022-12-04,Support Tickets,EMEA,355.62,count
2022-12-11,Support Tickets,EMEA,346.97,count
2022-12-18,Support Tickets,EMEA,356.99,count
2022-12-25,Support Tickets,EMEA,298.26,count
2023-01-01,Support Tickets,EMEA,352.72,count
2023-01-08,Support Tickets,EMEA,336.13,count
2023-01-15,Support Tickets,EMEA,333.13,count
2023-01-22,Support Tickets,EMEA,376.09,count
2023-01-29,Support Tickets,EMEA,396.64,count
2023-02-05,Support Tickets,EMEA,408.28,count
2023-02-12,Support Tickets,EMEA,395.96,count
2023-02-19,Support Tickets,EMEA,355.14,count
2023-02-26,Support Tickets,EMEA,370.76,count
2023-03-05,Support Tickets,EMEA,384.74,count
2023-03-12,Support Tickets,EMEA,366.73,count
2023-03-19,Support Tickets,EMEA,368.15,count
2023-03-26,Support Tickets,EMEA,389.85,count
2023-04-02,Support Tickets,EMEA,364.03,count
2023-04-09,Support Tickets,EMEA,344.37,count
2023-04-16,Support Tickets,EMEA,354.01,count
2023-04-23,Support Tickets,EMEA,385.43,count
2023-04-30,Support Tickets,EMEA,366.24,count
2023-05-07,Support Tickets,EMEA,375.88,count
2023-05-14,Support Tickets,EMEA,385.1,count
2023-05-21,Support Tickets,EMEA,352.89,count
2023-05-28,Support Tickets,EMEA,385.8,count
2023-06-04,Support Tickets,EMEA,373.31,count
2023-06-11,Support Tickets,EMEA,323.62,count
2023-06-18,Support Tickets,EMEA,402.56,count
2023-06-25,Support Tickets,EMEA,342.83,count
2023-07-02,Support Tickets,EMEA,306.72,count
2023-07-09,Support Tickets,EMEA,323.54,count
2023-07-16,Support Tickets,EMEA,322.79,count
2023-07-23,Support Tickets,EMEA,353.58,count
2023-07-30,Support Tickets,EMEA,342.46,count
2023-08-06,Support Tickets,EMEA,339.35,count
2023-08-13,Support Tickets,EMEA,366.94,count
2023-08-20,Support Tickets,EMEA,357.61,count
2023-08-27,Support Tickets,EMEA,356.12,count
2023-09-03,Support Tickets,EMEA,358.36,count
2023-09-10,Support Tickets,EMEA,364.18,count
2023-09-17,Support Tickets,EMEA,282.31,count
2023-09-24,Support Tickets,EMEA,334.69,count
2023-10-01,Support Tickets,EMEA,280.54,count
2023-10-08,Support Tickets,EMEA,347.58,count
2023-10-15,Support Tickets,EMEA,347.15,count
2023-10-22,Support Tickets,EMEA,379.68,count
2023-10-29,Support Tickets,EMEA,385.19,count
2023-11-05,Support Tickets,EMEA,357.1,count
2023-11-12,Support Tickets,EMEA,337.66,count
2023-11-19,Support Tickets,EMEA,369.06,count
2023-11-26,Support Tickets,EMEA,340.67,count
2023-12-03,Support Tickets,EMEA,358.59,count
2023-12-10,Support Tickets,EMEA,390.46,count
2023-12-17,Support Tickets,EMEA,346.47,count
2023-12-24,Support Tickets,EMEA,389.76,count
2023-12-31,Support Tickets,EMEA,388.32,count
2022-01-09,Support Tickets,APAC,291.36,count
2022-01-16,Support Tickets,APAC,351.63,count
2022-01-23,Support Tickets,APAC,345.75,count
2022-01-30,Support Tickets,APAC,330.18,count
2022-02-06,Support Tickets,APAC,306.5,count
2022-02-13,Support Tickets,APAC,305.72,count
2022-02-20,Support Tickets,APAC,317.36,count
2022-02-27,Support Tickets,APAC,351.6,count
2022-03-06,Support Tickets,APAC,308.31,count
2022-03-13,Support Tickets,APAC,351.56,count
2022-03-20,Support Tickets,APAC,302.43,count
2022-03-27,Support Tickets,APAC,334.59,count
2022-04-03,Support Tickets,APAC,344.79,count
2022-04-10,Support Tickets,APAC,415.41,count
2022-04-17,Support Tickets,APAC,301.05,count
2022-04-24,Support Tickets,APAC,386.62,count
2022-05-01,Support Tickets,APAC,346.8,count
2022-05-08,Support Tickets,APAC,354.27,count
2022-05-15,Support Tickets,APAC,344.91,count
2022-05-22,Support Tickets,APAC,353.93,count
2022-05-29,Support Tickets,APAC,335.04,count
2022-06-05,Support Tickets,APAC,382.17,count
2022-06-12,Support Tickets,APAC,323.63,count
2022-06-19,Support Tickets,APAC,369.95,count
2022-06-26,Support Tickets,APAC,315.24,count
2022-07-03,Support Tickets,APAC,331.3,count
2022-07-10,Support Tickets,APAC,299.47,count
2022-07-17,Support Tickets,APAC,343.8,count
2022-07-24,Support Tickets,APAC,372.07,count
2022-07-31,Support Tickets,APAC,325.01,count
2022-08-07,Support Tickets,APAC,320.14,count
2022-08-14,Support Tickets,APAC,291.45,count
2022-08-21,Support Tickets,APAC,316.98,count
2022-08-28,Support Tickets,APAC,275.22,count
2022-09-04,Support Tickets,APAC,294.94,count
2022-09-11,Support Tickets,APAC,328.65,count
2022-09-18,Support Tickets,APAC,361.16,count
2022-09-25,Support Tickets,APAC,405.83,count
2022-10-02,Support Tickets,APAC,304.16,count
2022-10-09,Support Tickets,APAC,365.25,count
2022-10-16,Support Tickets,APAC,330.18,count
2022-10-23,Support Tickets,APAC,319.24,count
2022-10-30,Support Tickets,APAC,337.89,count
2022-11-06,Support Tickets,APAC,328.12,count
2022-11-13,Support Tickets,APAC,331.14,count
2022-11-20,Support Tickets,APAC,317.32,count
2022-11-27,Support Tickets,APAC,289.55,count
2022-12-04,Support Tickets,APAC,287.24,count
2022-12-11,Support Tickets,APAC,355.34,count
2022-12-18,Support Tickets,APAC,329.73,count
2022-12-25,Support Tickets,APAC,322.51,count
2023-01-01,Support Tickets,APAC,343.05,count
2023-01-08,Support Tickets,APAC,369.06,count
2023-01-15,Support Tickets,APAC,353.02,count
2023-01-22,Support Tickets,APAC,330.29,count
2023-01-29,Support Tickets,APAC,389.05,count
2023-02-05,Support Tickets,APAC,401.82,count
2023-02-12,Support Tickets,APAC,371.35,count
2023-02-19,Support Tickets,APAC,387.64,count
2023-02-26,Support Tickets,APAC,397.44,count
2023-03-05,Support Tickets,APAC,395.64,count
2023-03-12,Support Tickets,APAC,381.51,count
2023-03-19,Support Tickets,APAC,382.18,count
2023-03-26,Support Tickets,APAC,380.72,count
2023-04-02,Support Tickets,APAC,332.89,count
2023-04-09,Support Tickets,APAC,387.27,count
2023-04-16,Support Tickets,APAC,325.77,count
2023-04-23,Support Tickets,APAC,342.57,count
2023-04-30,Support Tickets,APAC,405.26,count
2023-05-07,Support Tickets,APAC,390.88,count
2023-05-14,Support Tickets,APAC,409.62,count
2023-05-21,Support Tickets,APAC,355.99,count
2023-05-28,Support Tickets,APAC,328.55,count
2023-06-04,Support Tickets,APAC,354.74,count
2023-06-11,Support Tickets,APAC,363.73,count
2023-06-18,Support Tickets,APAC,361.66,count
2023-06-25,Support Tickets,APAC,391.86,count
2023-07-02,Support Tickets,APAC,345.53,count
2023-07-09,Support Tickets,APAC,365.45,count
2023-07-16,Support Tickets,APAC,323.77,count
2023-07-23,Support Tickets,APAC,365.52,count
2023-07-30,Support Tickets,APAC,350.77,count
2023-08-06,Support Tickets,APAC,326.96,count
2023-08-13,Support Tickets,APAC,341.28,count
2023-08-20,Support Tickets,APAC,341.88,count
2023-08-27,Support Tickets,APAC,338.53,count
2023-09-03,Support Tickets,APAC,399.2,count
2023-09-10,Support Tickets,APAC,342.74,count
2023-09-17,Support Tickets,APAC,338.23,count
2023-09-24,Support Tickets,APAC,282.7,count
2023-10-01,Support Tickets,APAC,319.12,count
2023-10-08,Support Tickets,APAC,338.61,count
2023-10-15,Support Tickets,APAC,326.72,count
2023-10-22,Support Tickets,APAC,389.77,count
2023-10-29,Support Tickets,APAC,344.61,count
2023-11-05,Support Tickets,APAC,389.67,count
2023-11-12,Support Tickets,APAC,354.53,count
2023-11-19,Support Tickets,APAC,355.63,count
2023-11-26,Support Tickets,APAC,353.84,count
2023-12-03,Support Tickets,APAC,358.75,count
2023-12-10,Support Tickets,APAC,412.44,count
2023-12-17,Support Tickets,APAC,293.61,count
2023-12-24,Support Tickets,APAC,305.54,count
2023-12-31,Support Tickets,APAC,351.7,count
2022-01-09,Support Tickets,Americas,320.44,count
2022-01-16,Support Tickets,Americas,343.12,count
2022-01-23,Support Tickets,Americas,338.99,count
2022-01-30,Support Tickets,Americas,315.6,count
2022-02-06,Support Tickets,Americas,359.94,count
2022-02-13,Support Tickets,Americas,362.4,count
2022-02-20,Support Tickets,Americas,339.01,count
2022-02-27,Support Tickets,Americas,364.2,count
2022-03-06,Support Tickets,Americas,345.16,count
2022-03-13,Support Tickets,Americas,321.59,count
2022-03-20,Support Tickets,Americas,360.62,count
2022-03-27,Support Tickets,Americas,344.03,count
2022-04-03,Support Tickets,Americas,341.54,count
2022-04-10,Support Tickets,Americas,386.24,count
2022-04-17,Support Tickets,Americas,268.85,count
2022-04-24,Support Tickets,Americas,299.93,count
2022-05-01,Support Tickets,Americas,306.7,count
2022-05-08,Support Tickets,Americas,331.04,count
2022-05-15,Support Tickets,Americas,333.72,count
2022-05-22,Support Tickets,Americas,295.37,count
2022-05-29,Support Tickets,Americas,310.09,count
2022-06-05,Support Tickets,Americas,312.72,count
2022-06-12,Support Tickets,Americas,411.04,count
2022-06-19,Support Tickets,Americas,390.04,count
2022-06-26,Support Tickets,Americas,322.22,count
2022-07-03,Support Tickets,Americas,322.2,count
2022-07-10,Support Tickets,Americas,297.15,count
2022-07-17,Support Tickets,Americas,272.91,count
2022-07-24,Support Tickets,Americas,325.2,count
2022-07-31,Support Tickets,Americas,297.4,count
2022-08-07,Support Tickets,Americas,323.51,count
2022-08-14,Support Tickets,Americas,276.88,count
2022-08-21,Support Tickets,Americas,301.0,count
2022-08-28,Support Tickets,Americas,327.46,count
2022-09-04,Support Tickets,Americas,333.31,count
2022-09-11,Support Tickets,Americas,334.37,count
2022-09-18,Support Tickets,Americas,281.98,count
2022-09-25,Support Tickets,Americas,347.2,count
2022-10-02,Support Tickets,Americas,297.75,count
2022-10-09,Support Tickets,Americas,341.18,count
2022-10-16,Support Tickets,Americas,322.55,count
2022-10-23,Support Tickets,Americas,282.48,count
2022-10-30,Support Tickets,Americas,315.42,count
2022-11-06,Support Tickets,Americas,337.23,count
2022-11-13,Support Tickets,Americas,346.21,count
2022-11-20,Support Tickets,Americas,325.34,count
2022-11-27,Support Tickets,Americas,377.44,count
2022-12-04,Support Tickets,Americas,363.78,count
2022-12-11,Support Tickets,Americas,328.04,count
2022-12-18,Support Tickets,Americas,360.53,count
2022-12-25,Support Tickets,Americas,398.4,count
2023-01-01,Support Tickets,Americas,401.61,count
2023-01-08,Support Tickets,Americas,308.37,count
2023-01-15,Support Tickets,Americas,319.81,count
2023-01-22,Support Tickets,Americas,394.52,count
2023-01-29,Support Tickets,Americas,320.51,count
2023-02-05,Support Tickets,Americas,314.77,count
2023-02-12,Support Tickets,Americas,341.93,count
2023-02-19,Support Tickets,Americas,371.04,count
2023-02-26,Support Tickets,Americas,357.1,count
2023-03-05,Support Tickets,Americas,342.22,count
2023-03-12,Support Tickets,Americas,342.86,count
2023-03-19,Support Tickets,Americas,342.86,count
2023-03-26,Support Tickets,Americas,338.75,count
2023-04-02,Support Tickets,Americas,434.26,count
2023-04-09,Support Tickets,Americas,375.17,count
2023-04-16,Support Tickets,Americas,393.05,count
2023-04-23,Support Tickets,Americas,351.74,count
2023-04-30,Support Tickets,Americas,360.57,count
2023-05-07,Support Tickets,Americas,344.27,count
2023-05-14,Support Tickets,Americas,285.45,count
2023-05-21,Support Tickets,Americas,322.8,count
2023-05-28,Support Tickets,Americas,308.8,count
2023-06-04,Support Tickets,Americas,294.46,count
2023-06-11,Support Tickets,Americas,324.8,count
2023-06-18,Support Tickets,Americas,399.04,count
2023-06-25,Support Tickets,Americas,356.52,count
2023-07-02,Support Tickets,Americas,395.09,count
2023-07-09,Support Tickets,Americas,367.22,count
2023-07-16,Support Tickets,Americas,376.9,count
2023-07-23,Support Tickets,Americas,324.99,count
2023-07-30,Support Tickets,Americas,366.4,count
2023-08-06,Support Tickets,Americas,371.31,count
2023-08-13,Support Tickets,Americas,331.05,count
2023-08-20,Support Tickets,Americas,364.2,count
2023-08-27,Support Tickets,Americas,363.62,count
2023-09-03,Support Tickets,Americas,329.57,count
2023-09-10,Support Tickets,Americas,312.01,count
2023-09-17,Support Tickets,Americas,310.02,count
2023-09-24,Support Tickets,Americas,348.22,count
2023-10-01,Support Tickets,Americas,355.75,count
2023-10-08,Support Tickets,Americas,322.72,count
2023-10-15,Support Tickets,Americas,348.09,count
2023-10-22,Support Tickets,Americas,365.43,count
2023-10-29,Support Tickets,Americas,368.11,count
2023-11-05,Support Tickets,Americas,397.58,count
2023-11-12,Support Tickets,Americas,390.98,count
2023-11-19,Support Tickets,Americas,324.47,count
2023-11-26,Support Tickets,Americas,407.01,count
2023-12-03,Support Tickets,Americas,342.7,count
2023-12-10,Support Tickets,Americas,392.22,count
2023-12-17,Support Tickets,Americas,365.24,count
2023-12-24,Support Tickets,Americas,353.22,count
2023-12-31,Support Tickets,Americas,313.77,count
2022-01-09,Gross Margin,EMEA,67.66,%
2022-01-16,Gross Margin,EMEA,65.39,%
2022-01-23,Gross Margin,EMEA,70.95,%
2022-01-30,Gross Margin,EMEA,72.55,%
2022-02-06,Gross Margin,EMEA,68.4,%
2022-02-13,Gross Margin,EMEA,71.05,%
2022-02-20,Gross Margin,EMEA,69.42,%
2022-02-27,Gross Margin,EMEA,70.0,%
2022-03-06,Gross Margin,EMEA,73.16,%
2022-03-13,Gross Margin,EMEA,71.84,%
2022-03-20,Gross Margin,EMEA,75.66,%
2022-03-27,Gross Margin,EMEA,71.44,%
2022-04-03,Gross Margin,EMEA,74.57,%
2022-04-10,Gross Margin,EMEA,72.88,%
2022-04-17,Gross Margin,EMEA,74.35,%
2022-04-24,Gross Margin,EMEA,71.88,%
2022-05-01,Gross Margin,EMEA,72.64,%
2022-05-08,Gross Margin,EMEA,72.43,%
2022-05-15,Gross Margin,EMEA,70.87,%
2022-05-22,Gross Margin,EMEA,73.7,%
2022-05-29,Gross Margin,EMEA,73.48,%
2022-06-05,Gross Margin,EMEA,73.13,%
2022-06-12,Gross Margin,EMEA,74.75,%
2022-06-19,Gross Margin,EMEA,74.3,%
2022-06-26,Gross Margin,EMEA,70.35,%
2022-07-03,Gross Margin,EMEA,71.53,%
2022-07-10,Gross Margin,EMEA,69.22,%
2022-07-17,Gross Margin,EMEA,70.2,%
2022-07-24,Gross Margin,EMEA,68.65,%
2022-07-31,Gross Margin,EMEA,72.8,%
2022-08-07,Gross Margin,EMEA,70.01,%
2022-08-14,Gross Margin,EMEA,68.6,%
2022-08-21,Gross Margin,EMEA,71.21,%
2022-08-28,Gross Margin,EMEA,64.3,%
2022-09-04,Gross Margin,EMEA,64.47,%
2022-09-11,Gross Margin,EMEA,69.98,%
2022-09-18,Gross Margin,EMEA,68.46,%
2022-09-25,Gross Margin,EMEA,68.83,%
2022-10-02,Gross Margin,EMEA,65.72,%
2022-10-09,Gross Margin,EMEA,68.42,%
2022-10-16,Gross Margin,EMEA,72.62,%
2022-10-23,Gross Margin,EMEA,70.45,%
2022-10-30,Gross Margin,EMEA,69.38,%
2022-11-06,Gross Margin,EMEA,68.45,%
2022-11-13,Gross Margin,EMEA,68.87,%
2022-11-20,Gross Margin,EMEA,65.78,%
2022-11-27,Gross Margin,EMEA,70.96,%
2022-12-04,Gross Margin,EMEA,72.57,%
2022-12-11,Gross Margin,EMEA,68.19,%
2022-12-18,Gross Margin,EMEA,70.51,%
2022-12-25,Gross Margin,EMEA,70.02,%
2023-01-01,Gross Margin,EMEA,70.91,%
2023-01-08,Gross Margin,EMEA,73.46,%
2023-01-15,Gross Margin,EMEA,69.7,%
2023-01-22,Gross Margin,EMEA,75.6,%
2023-01-29,Gross Margin,EMEA,76.36,%
2023-02-05,Gross Margin,EMEA,74.82,%
2023-02-12,Gross Margin,EMEA,70.8,%
2023-02-19,Gross Margin,EMEA,74.17,%
2023-02-26,Gross Margin,EMEA,79.0,%
2023-03-05,Gross Margin,EMEA,71.31,%
2023-03-12,Gross Margin,EMEA,76.46,%
2023-03-19,Gross Margin,EMEA,75.04,%
2023-03-26,Gross Margin,EMEA,79.2,%
2023-04-02,Gross Margin,EMEA,76.38,%
2023-04-09,Gross Margin,EMEA,78.63,%
2023-04-16,Gross Margin,EMEA,79.0,%
2023-04-23,Gross Margin,EMEA,81.53,%
2023-04-30,Gross Margin,EMEA,77.4,%
2023-05-07,Gross Margin,EMEA,78.46,%
2023-05-14,Gross Margin,EMEA,74.59,%
2023-05-21,Gross Margin,EMEA,79.76,%
2023-05-28,Gross Margin,EMEA,75.64,%
2023-06-04,Gross Margin,EMEA,75.79,%
2023-06-11,Gross Margin,EMEA,76.6,%
2023-06-18,Gross Margin,EMEA,73.22,%
2023-06-25,Gross Margin,EMEA,76.5,%
2023-07-02,Gross Margin,EMEA,77.66,%
2023-07-09,Gross Margin,EMEA,76.0,%
2023-07-16,Gross Margin,EMEA,71.93,%
2023-07-23,Gross Margin,EMEA,74.56,%
2023-07-30,Gross Margin,EMEA,76.0,%
2023-08-06,Gross Margin,EMEA,70.5,%
2023-08-13,Gross Margin,EMEA,71.88,%
2023-08-20,Gross Margin,EMEA,75.58,%
2023-08-27,Gross Margin,EMEA,74.2,%
2023-09-03,Gross Margin,EMEA,74.36,%
2023-09-10,Gross Margin,EMEA,77.18,%
2023-09-17,Gross Margin,EMEA,74.37,%
2023-09-24,Gross Margin,EMEA,74.76,%
2023-10-01,Gross Margin,EMEA,78.93,%
2023-10-08,Gross Margin,EMEA,73.2,%
2023-10-15,Gross Margin,EMEA,72.2,%
2023-10-22,Gross Margin,EMEA,74.87,%
2023-10-29,Gross Margin,EMEA,75.16,%
2023-11-05,Gross Margin,EMEA,73.54,%
2023-11-12,Gross Margin,EMEA,72.88,%
2023-11-19,Gross Margin,EMEA,79.95,%
2023-11-26,Gross Margin,EMEA,76.41,%
2023-12-03,Gross Margin,EMEA,74.75,%
2023-12-10,Gross Margin,EMEA,78.52,%
2023-12-17,Gross Margin,EMEA,76.96,%
2023-12-24,Gross Margin,EMEA,77.18,%
2023-12-31,Gross Margin,EMEA,79.32,%
2022-01-09,Gross Margin,APAC,65.42,%
2022-01-16,Gross Margin,APAC,69.22,%
2022-01-23,Gross Margin,APAC,72.85,%
2022-01-30,Gross Margin,APAC,70.45,%
2022-02-06,Gross Margin,APAC,69.24,%
2022-02-13,Gross Margin,APAC,69.43,%
2022-02-20,Gross Margin,APAC,70.05,%
2022-02-27,Gross Margin,APAC,70.75,%
2022-03-06,Gross Margin,APAC,70.85,%
2022-03-13,Gross Margin,APAC,73.75,%
2022-03-20,Gross Margin,APAC,68.72,%
2022-03-27,Gross Margin,APAC,74.12,%
2022-04-03,Gross Margin,APAC,71.81,%
2022-04-10,Gross Margin,APAC,73.44,%
2022-04-17,Gross Margin,APAC,70.5,%
2022-04-24,Gross Margin,APAC,75.43,%
2022-05-01,Gross Margin,APAC,75.23,%
2022-05-08,Gross Margin,APAC,74.58,%
2022-05-15,Gross Margin,APAC,69.51,%
2022-05-22,Gross Margin,APAC,74.03,%
2022-05-29,Gross Margin,APAC,72.98,%
2022-06-05,Gross Margin,APAC,68.73,%
2022-06-12,Gross Margin,APAC,71.63,%
2022-06-19,Gross Margin,APAC,72.13,%
2022-06-26,Gross Margin,APAC,72.21,%
2022-07-03,Gross Margin,APAC,71.14,%
2022-07-10,Gross Margin,APAC,71.05,%
2022-07-17,Gross Margin,APAC,73.1,%
2022-07-24,Gross Margin,APAC,72.3,%
2022-07-31,Gross Margin,APAC,63.82,%
2022-08-07,Gross Margin,APAC,68.65,%
2022-08-14,Gross Margin,APAC,68.71,%
2022-08-21,Gross Margin,APAC,65.32,%
2022-08-28,Gross Margin,APAC,68.83,%
2022-09-04,Gross Margin,APAC,70.99,%
2022-09-11,Gross Margin,APAC,66.22,%
2022-09-18,Gross Margin,APAC,69.01,%
2022-09-25,Gross Margin,APAC,66.5,%
2022-10-02,Gross Margin,APAC,67.03,%
2022-10-09,Gross Margin,APAC,71.42,%
2022-10-16,Gross Margin,APAC,67.52,%
2022-10-23,Gross Margin,APAC,69.73,%
2022-10-30,Gross Margin,APAC,65.3,%
2022-11-06,Gross Margin,APAC,73.06,%
2022-11-13,Gross Margin,APAC,70.87,%
2022-11-20,Gross Margin,APAC,69.67,%
2022-11-27,Gross Margin,APAC,71.59,%
2022-12-04,Gross Margin,APAC,68.06,%
2022-12-11,Gross Margin,APAC,73.71,%
2022-12-18,Gross Margin,APAC,71.18,%
2022-12-25,Gross Margin,APAC,71.92,%
2023-01-01,Gross Margin,APAC,71.86,%
2023-01-08,Gross Margin,APAC,72.2,%
2023-01-15,Gross Margin,APAC,75.26,%
2023-01-22,Gross Margin,APAC,74.88,%
2023-01-29,Gross Margin,APAC,76.16,%
2023-02-05,Gross Margin,APAC,75.3,%
2023-02-12,Gross Margin,APAC,76.79,%
2023-02-19,Gross Margin,APAC,75.33,%
2023-02-26,Gross Margin,APAC,81.0,%
2023-03-05,Gross Margin,APAC,73.73,%
2023-03-12,Gross Margin,APAC,79.68,%
2023-03-19,Gross Margin,APAC,80.13,%
2023-03-26,Gross Margin,APAC,75.89,%
2023-04-02,Gross Margin,APAC,82.19,%
2023-04-09,Gross Margin,APAC,79.82,%
2023-04-16,Gross Margin,APAC,79.81,%
2023-04-23,Gross Margin,APAC,77.92,%
2023-04-30,Gross Margin,APAC,77.37,%
2023-05-07,Gross Margin,APAC,77.29,%
2023-05-14,Gross Margin,APAC,78.34,%
2023-05-21,Gross Margin,APAC,80.18,%
2023-05-28,Gross Margin,APAC,77.52,%
2023-06-04,Gross Margin,APAC,75.09,%
2023-06-11,Gross Margin,APAC,78.29,%
2023-06-18,Gross Margin,APAC,78.19,%
2023-06-25,Gross Margin,APAC,77.35,%
2023-07-02,Gross Margin,APAC,77.22,%
2023-07-09,Gross Margin,APAC,74.87,%
2023-07-16,Gross Margin,APAC,73.24,%
2023-07-23,Gross Margin,APAC,73.07,%
2023-07-30,Gross Margin,APAC,71.25,%
2023-08-06,Gross Margin,APAC,74.73,%
2023-08-13,Gross Margin,APAC,73.86,%
2023-08-20,Gross Margin,APAC,72.94,%
2023-08-27,Gross Margin,APAC,67.75,%
2023-09-03,Gross Margin,APAC,71.04,%
2023-09-10,Gross Margin,APAC,75.7,%
2023-09-17,Gross Margin,APAC,72.1,%
2023-09-24,Gross Margin,APAC,74.17,%
2023-10-01,Gross Margin,APAC,70.73,%
2023-10-08,Gross Margin,APAC,76.51,%
2023-10-15,Gross Margin,APAC,73.51,%
2023-10-22,Gross Margin,APAC,74.6,%
2023-10-29,Gross Margin,APAC,78.93,%
2023-11-05,Gross Margin,APAC,77.62,%
2023-11-12,Gross Margin,APAC,74.33,%
2023-11-19,Gross Margin,APAC,74.15,%
2023-11-26,Gross Margin,APAC,75.11,%
2023-12-03,Gross Margin,APAC,77.23,%
2023-12-10,Gross Margin,APAC,76.48,%
2023-12-17,Gross Margin,APAC,76.39,%
2023-12-24,Gross Margin,APAC,80.62,%
2023-12-31,Gross Margin,APAC,77.97,%
2022-01-09,Gross Margin,Americas,72.6,%
2022-01-16,Gross Margin,Americas,68.69,%
2022-01-23,Gross Margin,Americas,72.59,%
2022-01-30,Gross Margin,Americas,70.23,%
2022-02-06,Gross Margin,Americas,71.92,%
2022-02-13,Gross Margin,Americas,68.99,%
2022-02-20,Gross Margin,Americas,69.16,%
2022-02-27,Gross Margin,Americas,72.18,%
2022-03-06,Gross Margin,Americas,73.59,%
2022-03-13,Gross Margin,Americas,72.0,%
2022-03-20,Gross Margin,Americas,69.61,%
2022-03-27,Gross Margin,Americas,69.68,%
2022-04-03,Gross Margin,Americas,69.71,%
2022-04-10,Gross Margin,Americas,69.15,%
2022-04-17,Gross Margin,Americas,72.97,%
2022-04-24,Gross Margin,Americas,75.02,%
2022-05-01,Gross Margin,Americas,72.71,%
2022-05-08,Gross Margin,Americas,68.14,%
2022-05-15,Gross Margin,Americas,72.16,%
2022-05-22,Gross Margin,Americas,72.05,%
2022-05-29,Gross Margin,Americas,76.37,%
2022-06-05,Gross Margin,Americas,69.03,%
2022-06-12,Gross Margin,Americas,70.9,%
2022-06-19,Gross Margin,Americas,74.81,%
2022-06-26,Gross Margin,Americas,72.0,%
2022-07-03,Gross Margin,Americas,71.91,%
2022-07-10,Gross Margin,Americas,70.7,%
2022-07-17,Gross Margin,Americas,70.82,%
2022-07-24,Gross Margin,Americas,71.41,%
2022-07-31,Gross Margin,Americas,67.94,%
2022-08-07,Gross Margin,Americas,71.04,%
2022-08-14,Gross Margin,Americas,66.29,%
2022-08-21,Gross Margin,Americas,69.48,%
2022-08-28,Gross Margin,Americas,69.0,%
2022-09-04,Gross Margin,Americas,67.26,%
2022-09-11,Gross Margin,Americas,68.35,%
2022-09-18,Gross Margin,Americas,67.09,%
2022-09-25,Gross Margin,Americas,66.19,%
2022-10-02,Gross Margin,Americas,67.67,%
2022-10-09,Gross Margin,Americas,66.26,%
2022-10-16,Gross Margin,Americas,69.25,%
2022-10-23,Gross Margin,Americas,66.5,%
2022-10-30,Gross Margin,Americas,70.47,%
2022-11-06,Gross Margin,Americas,66.97,%
2022-11-13,Gross Margin,Americas,68.53,%
2022-11-20,Gross Margin,Americas,68.78,%
2022-11-27,Gross Margin,Americas,73.09,%
2022-12-04,Gross Margin,Americas,71.54,%
2022-12-11,Gross Margin,Americas,70.92,%
2022-12-18,Gross Margin,Americas,72.83,%
2022-12-25,Gross Margin,Americas,68.12,%
2023-01-01,Gross Margin,Americas,72.76,%
2023-01-08,Gross Margin,Americas,77.35,%
2023-01-15,Gross Margin,Americas,74.13,%
2023-01-22,Gross Margin,Americas,74.5,%
2023-01-29,Gross Margin,Americas,75.95,%
2023-02-05,Gross Margin,Americas,77.11,%
2023-02-12,Gross Margin,Americas,71.76,%
2023-02-19,Gross Margin,Americas,72.8,%
2023-02-26,Gross Margin,Americas,76.96,%
2023-03-05,Gross Margin,Americas,75.44,%
2023-03-12,Gross Margin,Americas,79.78,%
2023-03-19,Gross Margin,Americas,76.77,%
2023-03-26,Gross Margin,Americas,73.72,%
2023-04-02,Gross Margin,Americas,75.2,%
2023-04-09,Gross Margin,Americas,72.33,%
2023-04-16,Gross Margin,Americas,77.4,%
2023-04-23,Gross Margin,Americas,77.49,%
2023-04-30,Gross Margin,Americas,76.96,%
2023-05-07,Gross Margin,Americas,79.86,%
2023-05-14,Gross Margin,Americas,79.96,%
2023-05-21,Gross Margin,Americas,77.04,%
2023-05-28,Gross Margin,Americas,72.89,%
2023-06-04,Gross Margin,Americas,78.15,%
2023-06-11,Gross Margin,Americas,77.75,%
2023-06-18,Gross Margin,Americas,76.97,%
2023-06-25,Gross Margin,Americas,78.01,%
2023-07-02,Gross Margin,Americas,73.4,%
2023-07-09,Gross Margin,Americas,79.43,%
2023-07-16,Gross Margin,Americas,73.18,%
2023-07-23,Gross Margin,Americas,76.3,%
2023-07-30,Gross Margin,Americas,71.14,%
2023-08-06,Gross Margin,Americas,72.4,%
2023-08-13,Gross Margin,Americas,77.06,%
2023-08-20,Gross Margin,Americas,73.3,%
2023-08-27,Gross Margin,Americas,75.34,%
2023-09-03,Gross Margin,Americas,74.01,%
2023-09-10,Gross Margin,Americas,73.25,%
2023-09-17,Gross Margin,Americas,76.16,%
2023-09-24,Gross Margin,Americas,72.97,%
2023-10-01,Gross Margin,Americas,69.95,%
2023-10-08,Gross Margin,Americas,72.02,%
2023-10-15,Gross Margin,Americas,74.9,%
2023-10-22,Gross Margin,Americas,74.81,%
2023-10-29,Gross Margin,Americas,71.15,%
2023-11-05,Gross Margin,Americas,73.14,%
2023-11-12,Gross Margin,Americas,73.78,%
2023-11-19,Gross Margin,Americas,74.6,%
2023-11-26,Gross Margin,Americas,73.01,%
2023-12-03,Gross Margin,Americas,74.95,%
2023-12-10,Gross Margin,Americas,75.23,%
2023-12-17,Gross Margin,Americas,78.72,%
2023-12-24,Gross Margin,Americas,79.31,%
2023-12-31,Gross Margin,Americas,77.91,%
